{"cameraMode":{"drawMode":0,"name":"Shaded","section":"Shading Mode"},"sceneLighting":false,"audioPlay":false,"sceneViewState":{"m_AlwaysRefresh":false,"showFog":true,"showSkybox":false,"showFlares":true,"showImageEffects":true,"showParticleSystems":true,"showVisualEffectGraphs":true,"m_FxEnabled":true},"in2DMode":false,"pivot":{"x":-0.037215352058410647,"y":4.315910816192627,"z":0.008080273866653443},"rotation":{"x":-0.20116159319877625,"y":0.44642120599746706,"z":-0.10373077541589737,"w":-0.8657281994819641},"size":0.24494899809360505,"orthographic":false}